word,meaning,synonym,pronunciation,example
serendipity,the occurrence of events by chance in a happy way,luck,/ˌserənˈdɪpɪti/,Finding that book was pure serendipity
ephemeral,lasting for a very short time,fleeting,/ɪˈfem(ə)rəl/,The beauty of the sunset was ephemeral
ubiquitous,present everywhere,omnipresent,/juːˈbɪkwɪtəs/,Smartphones are ubiquitous in modern society
eloquent,fluent and persuasive in speaking or writing,articulate,/ˈeləkwənt/,She gave an eloquent speech at the conference
pragmatic,dealing with things sensibly and realistically,practical,/præɡˈmætɪk/,We need a pragmatic approach to solve this problem
ambiguous,open to more than one interpretation,unclear,/æmˈbɪɡjuəs/,The message was ambiguous and confusing
benevolent,well-meaning and kindly,kind,/bəˈnevələnt/,She was known for her benevolent nature
candid,truthful and straightforward,frank,/ˈkændɪd/,I appreciate your candid feedback
diligent,having or showing care in one's work,hardworking,/ˈdɪlɪdʒənt/,She was a diligent student who always completed her homework
enigmatic,difficult to interpret or understand,mysterious,/ˌenɪɡˈmætɪk/,The Mona Lisa's smile is famously enigmatic
